-- 向 Paper 表中插入测试数据
insert into Paper (SN, title, public_source, publication_year, public_type, public_rank) values
(1, '论文1', 'SCI', 2020, 1, 1),
(2, '论文2', 'SCI', 2020, 2, 2),
(3, '论文3', 'EI', 2020, 3, 3),
(4, '论文4', 'CSCD', 2020, 4, 4),
(5, '论文5', '其他', 2020, 1, 5),
(6, '论文6', 'SCI', 2020, 1, 1),
(7, '论文7', 'SCI', 2020, 2, 2),
(8, '论文8', 'EI', 2020, 3, 3),
(9, '论文9', 'CSCD', 2020, 4, 4),
(10, '论文10', '其他', 2020, 1, 5),
(11, '论文11', 'SCI', 2020, 1, 1),
(12, '论文12', 'SCI', 2020, 2, 2),
(13, '论文13', 'EI', 2020, 3, 3),
(14, '论文14', 'CSCD', 2020, 4, 4),
(15, '论文15', '其他', 2020, 1, 5),
(16, '论文16', 'SCI', 2020, 1, 1),
(17, '论文17', 'SCI', 2020, 2, 2),
(18, '论文18', 'EI', 2020, 3, 3),
(19, '论文19', 'CSCD', 2020, 4, 4),
(20, '论文20', '其他', 2020, 1, 5);

-- 向 Teacher 表中插入测试数据
insert into Teacher (TID, Tname, gender, job, admin, password, token, avatar) values
('000', 'admin', 1, 0, true, '40bd001563085fc35165329ea1ff5c5ecbdbbeef', null, null),
('001', '张三', 1, 1, false, '40bd001563085fc35165329ea1ff5c5ecbdbbeef', null, null),
('002', '李四', 2, 7, false, '40bd001563085fc35165329ea1ff5c5ecbdbbeef', null, null),
('003', '王五', 1, 5, false, '40bd001563085fc35165329ea1ff5c5ecbdbbeef', null, null),
('004', '赵六', 2, 3, false, '40bd001563085fc35165329ea1ff5c5ecbdbbeef', null, null),
('005', '刘七', 1, 9, false, '40bd001563085fc35165329ea1ff5c5ecbdbbeef', null, null);

-- 向 Lesson 表中插入测试数据
insert into Lesson (LID, Lname, credit_hours, course_nature) values
('001', '课程1', 80, 1),
('002', '课程2', 60, 2),
('003', '课程3', 80, 1),
('004', '课程4', 40, 2),
('005', '课程5', 40, 1),
('006', '课程6', 80, 1),
('007', '课程7', 60, 2),
('008', '课程8', 40, 1),
('009', '课程9', 60, 2),
('010', '课程10', 80, 1),
('011', '课程11', 60, 1),
('012', '课程12', 60, 2),
('013', '课程13', 80, 1),
('014', '课程14', 80, 2),
('015', '课程15', 80, 1),
('016', '课程16', 40, 1),
('017', '课程17', 40, 2),
('018', '课程18', 40, 1),
('019', '课程19', 80, 2),
('020', '课程20', 80, 1);

-- 向 Project 表中插入测试数据
insert into Project (PID, Pname, project_source, project_type, total_budget, start_year, end_year) values
('001', '项目1', '国家级', 1, 1000000, 2020, 2022),
('002', '项目2', '省级', 2, 500000, 2021, 2023),
('003', '项目3', '校级', 3, 200000, 2022, 2024),
('004', '项目4', '企业委托', 4, 800000, 2021, 2023),
('005', '项目5', '其他', 5, 1500000, 2020, 2023),
('006', '项目6', '国家级', 1, 1000000, 2020, 2022),
('007', '项目7', '省级', 2, 500000, 2021, 2023),
('008', '项目8', '校级', 3, 200000, 2022, 2024),
('009', '项目9', '企业委托', 4, 800000, 2021, 2023),
('010', '项目10', '其他', 5, 1500000, 2020, 2023),
('011', '项目11', '国家级', 1, 1000000, 2020, 2022),
('012', '项目12', '省级', 2, 500000, 2021, 2023),
('013', '项目13', '校级', 3, 200000, 2022, 2024),
('014', '项目14', '企业委托', 4, 800000, 2021, 2023),
('015', '项目15', '其他', 5, 1500000, 2020, 2023),
('016', '项目16', '国家级', 1, 1000000, 2020, 2022),
('017', '项目17', '省级', 2, 500000, 2021, 2023),
('018', '项目18', '校级', 3, 200000, 2022, 2024),
('019', '项目19', '企业委托', 4, 800000, 2021, 2023),
('020', '项目20', '其他', 5, 1500000, 2020, 2023);


-- 向 PublishPaper 表中插入测试数据
insert into PublishPaper (SN, TID, paper_rank, is_corresponding_author) values
(1, '001', 1, true),
(1, '003', 2, false),
(1, '005', 3, false),
(2, '001', 2, true),
(2, '002', 1, false),
(3, '005', 5, false),
(3, '003', 4, false),
(3, '002', 3, true),
(3, '001', 2, false),
(3, '004', 1, false),
(4, '002', 2, true),
(4, '005', 1, false),
(5, '003', 2, true),
(5, '001', 1, false),
(6, '001', 2, true),
(6, '004', 1, false),
(6, '005', 3, false),
(7, '005', 1, false),
(7, '003', 4, false),
(7, '002', 3, true),
(7, '001', 2, false),
(8, '001', 1, true),
(9, '004', 1, true),
(10, '002', 1, false),
(10, '004', 3, false),
(10, '001', 2, true),
(11, '002', 1, false),
(11, '003', 4, false),
(11, '005', 3, true),
(11, '001', 2, false),
(11, '004', 5, false),
(12, '003', 2, true),
(12, '005', 1, false),
(13, '001', 1, true),
(13, '004', 2, false),
(14, '001', 1, true),
(15, '003', 1, true),
(16, '004', 1, false),
(16, '003', 4, false),
(16, '002', 3, true),
(16, '001', 2, false),
(17, '003', 1, false),
(17, '002', 3, true),
(17, '001', 2, false),
(18, '003', 1, true),
(19, '003', 2, true),
(19, '005', 1, false),
(20, '002', 1, false),
(20, '003', 4, false),
(20, '005', 3, true),
(20, '001', 2, false),
(20, '004', 5, false);

-- 向 UndertakeProject 表中插入测试数据
insert into UndertakeProject (PID, TID, project_rank, undertake_funding) values
('001', '001', 1, 400000),
('001', '003', 2, 300000),
('001', '005', 3, 300000),
('002', '001', 2, 400000),
('002', '002', 1, 100000),
('003', '005', 5, 40000),
('003', '003', 4, 40000),
('003', '002', 3, 40000),
('003', '001', 2, 40000),
('003', '004', 1, 40000),
('004', '002', 2, 400000),
('004', '005', 1, 400000),
('005', '003', 2, 1000000),
('005', '001', 1, 500000),
('006', '001', 2, 500000),
('006', '004', 1, 200000),
('006', '005', 3, 300000),
('007', '005', 1, 200000),
('007', '003', 4, 100000),
('007', '002', 3, 100000),
('007', '001', 2, 100000),
('008', '001', 1, 200000),
('009', '004', 1, 800000),
('010', '002', 1, 500000),
('010', '004', 3, 500000),
('010', '001', 2, 500000),
('011', '002', 1, 200000),
('011', '003', 4, 200000),
('011', '005', 3, 200000),
('011', '001', 2, 200000),
('011', '004', 5, 200000),
('012', '003', 2, 250000),
('012', '005', 1, 250000),
('013', '001', 1, 100000),
('013', '004', 2, 100000),
('014', '001', 1, 800000),
('015', '003', 1, 1500000),
('016', '004', 1, 250000),
('016', '003', 4, 250000),
('016', '002', 3, 250000),
('016', '001', 2, 250000),
('017', '003', 1, 200000),
('017', '002', 3, 200000),
('017', '001', 2, 100000),
('018', '003', 1, 200000),
('019', '003', 2, 400000),
('019', '005', 1, 400000),
('020', '002', 1, 300000),
('020', '003', 4, 300000),
('020', '005', 3, 300000),
('020', '001', 2, 300000),
('020', '004', 5, 300000);

-- 向 TeachCourse 表中插入测试数据
insert into TeachCourse (LID, TID, teach_year, term, undertake_credit_hours) values
('001', '001', 2020, 1, 80),
('002', '003', 2021, 1, 60),
('003', '002', 2023, 2, 60),
('003', '004', 2023, 2, 20),
('004', '002', 2021, 3, 40),
('005', '003', 2022, 3, 40),
('006', '001', 2022, 2, 40),
('006', '005', 2022, 2, 40),
('007', '004', 2021, 2, 20),
('007', '002', 2021, 2, 40),
('008', '002', 2023, 1, 40),
('009', '004', 2020, 1, 60),
('010', '003', 2021, 2, 20),
('010', '001', 2021, 2, 60),
('011', '004', 2022, 3, 30),
('011', '005', 2022, 3, 30),
('012', '002', 2023, 1, 60),
('013', '001', 2023, 1, 80),
('014', '005', 2019, 2, 80),
('015', '003', 2019, 2, 80),
('016', '004', 2020, 3, 20),
('016', '003', 2020, 3, 20),
('017', '002', 2019, 1, 40),
('018', '001', 2019, 1, 40),
('019', '005', 2022, 3, 80),
('020', '002', 2023, 2, 30),
('020', '003', 23023, 2, 50);